{"lines":[{"src":1,"dst":3,"lines":[{"x":"548","y":0,"z":"274"},{"x":"548","y":0,"z":"100"}]},{"src":1,"dst":4,"lines":[{"x":"540","y":0,"z":"265"},{"x":"446","y":0,"z":"265"},{"x":"446","y":0,"z":"168"}]},{"src":19,"dst":7,"lines":[{"x":301,"y":0,"z":"281"},{"x":"160","y":0,"z":"281"},{"x":"160","y":0,"z":"204"},{"x":63,"y":0,"z":204}]},{"src":19,"dst":8,"lines":[{"x":301,"y":0,"z":277},{"x":63,"y":0,"z":281}]},{"src":19,"dst":9,"lines":[{"x":301,"y":0,"z":277},{"x":"160","y":0,"z":"281"},{"x":"160","y":0,"z":"368"},{"x":62,"y":0,"z":368}]},{"src":1,"dst":15,"lines":[{"x":548,"y":0,"z":269},{"x":"920","y":0,"z":"269"},{"x":"920","y":0,"z":"191"},{"x":1024,"y":0,"z":191}]},{"src":1,"dst":16,"lines":[{"x":548,"y":0,"z":269},{"x":1024,"y":0,"z":269}]},{"src":1,"dst":17,"lines":[{"x":548,"y":0,"z":269},{"x":"920","y":0,"z":"269"},{"x":"920","y":0,"z":"352"},{"x":"1024","y":0,"z":"352"}]},{"src":1,"dst":19,"lines":[{"x":548,"y":0,"z":269},{"x":301,"y":0,"z":277}]},{"src":19,"dst":21,"lines":[{"x":301,"y":0,"z":281},{"x":"160","y":0,"z":"281"},{"x":"160","y":0,"z":"140"},{"x":"63","y":0,"z":140}]},{"src":19,"dst":22,"lines":[{"x":301,"y":0,"z":281},{"x":"160","y":0,"z":"281"},{"x":"160","y":0,"z":"435"},{"x":"63","y":0,"z":435}]}],"nodes":[{"x":548,"y":0,"z":269,"type":7,"name":"交换机","img":"/assets/image/serve/jiaohuan.png","id":1},{"x":548,"y":0,"z":100,"type":12,"name":"宽带卫星安全接入网关","img":"/assets/image/serve/wangguan.png","id":3},{"x":446,"y":0,"z":168,"type":6,"name":"汇聚系统","img":"/assets/image/serve/huiju.png","id":4},{"x":63,"y":0,"z":204,"type":4,"name":"管理系统","img":"/assets/image/serve/manage.png","id":7},{"x":63,"y":0,"z":281,"type":5,"name":"互联网控制系统","img":"/assets/image/serve/inter_control.png","id":8},{"x":62,"y":0,"z":368,"type":8,"name":"认证系统","img":"/assets/image/serve/renzheng.png","id":9},{"x":1024,"y":0,"z":191,"type":3,"name":"应用服务器2","img":"/assets/image/serve/server.png","id":15},{"x":1024,"y":0,"z":269,"type":16,"name":"终端1","img":"/assets/image/serve/zhongduan.png","id":16},{"x":1024,"y":0,"z":352,"type":17,"name":"终端2","img":"/assets/image/serve/zhongduan.png","id":17},{"x":301,"y":0,"z":281,"type":20,"name":"防火墙1","img":"/assets/image/serve/fire.png","id":19},{"x":63,"y":0,"z":140,"type":1,"name":"分析系统","img":"/assets/image/serve/analysis.png","id":21},{"x":63,"y":0,"z":435,"type":6,"name":"汇聚系统","img":"/assets/image/serve/huiju.png","id":22}]}