{"lines":[{"src":1,"dst":3,"lines":[{"x":"548","y":0,"z":"274"},{"x":"548","y":0,"z":"100"}]},{"src":1,"dst":8,"lines":[{"x":548,"y":0,"z":269},{"x":63,"y":0,"z":"270"}]},{"src":20,"dst":15,"lines":[{"x":773,"y":0,"z":267},{"x":"920","y":0,"z":"269"},{"x":"920","y":0,"z":"191"},{"x":"1024","y":"0","z":"191"}]},{"src":20,"dst":16,"lines":[{"x":773,"y":0,"z":267},{"x":"1024","y":0,"z":"269"}]},{"src":20,"dst":17,"lines":[{"x":773,"y":0,"z":267},{"x":"920","y":0,"z":"269"},{"x":"920","y":0,"z":"352"},{"x":"1024","y":0,"z":"352"}]},{"src":1,"dst":20,"lines":[{"x":548,"y":0,"z":269},{"x":773,"y":0,"z":267}]}],"nodes":[{"x":548,"y":0,"z":269,"type":7,"name":"交换机","img":"/assets/image/serve/jiaohuan.png","id":1},{"x":548,"y":0,"z":100,"type":12,"name":"宽带卫星安全接入网关","img":"/assets/image/serve/wangguan.png","id":3},{"x":63,"y":0,"z":270,"type":18,"name":"终端3","img":"/assets/image/serve/zhongduan.png","id":8},{"x":1024,"y":0,"z":191,"type":3,"name":"应用服务器2","img":"/assets/image/serve/server.png","id":15},{"x":1024,"y":0,"z":269,"type":16,"name":"终端1","img":"/assets/image/serve/zhongduan.png","id":16},{"x":1024,"y":0,"z":352,"type":17,"name":"终端2","img":"/assets/image/serve/zhongduan.png","id":17},{"x":773,"y":0,"z":267,"type":21,"name":"防火墙2","img":"/assets/image/serve/fire.png","id":20}]}