{"lines":[{"src":1,"dst":3,"lines":[{"x":548,"y":0,"z":269},{"x":"548","y":0,"z":"100"}]},{"src":1,"dst":10,"lines":[{"x":548,"y":0,"z":269},{"x":"548","y":0,"z":366}]},{"src":10,"dst":11,"lines":[{"x":"548","y":0,"z":366},{"x":"548","y":0,"z":444}]},{"src":20,"dst":15,"lines":[{"x":773,"y":0,"z":267},{"x":"920","y":0,"z":"269"},{"x":"920","y":0,"z":"191"},{"x":"1024","y":"0","z":"191"}]},{"src":20,"dst":16,"lines":[{"x":773,"y":0,"z":267},{"x":"1024","y":0,"z":"269"}]},{"src":20,"dst":17,"lines":[{"x":773,"y":0,"z":267},{"x":"920","y":0,"z":"269"},{"x":"920","y":0,"z":"352"},{"x":"1024","y":0,"z":"352"}]},{"src":1,"dst":20,"lines":[{"x":548,"y":0,"z":269},{"x":773,"y":0,"z":267}]},{"src":1,"dst":21,"lines":[{"x":548,"y":0,"z":269},{"x":199,"y":0,"z":275}]},{"src":21,"dst":22,"lines":[{"x":199,"y":0,"z":275},{"x":"199","y":0,"z":"200"},{"x":"160","y":0,"z":"200"},{"x":"160","y":0,"z":"138"},{"x":74,"y":0,"z":138}]},{"src":21,"dst":25,"lines":[{"x":199,"y":0,"z":275},{"x":"199","y":0,"z":"200"},{"x":"160","y":0,"z":"200"},{"x":"160","y":0,"z":"257"},{"x":75,"y":0,"z":257}]},{"src":21,"dst":26,"lines":[{"x":199,"y":0,"z":275},{"x":"199","y":0,"z":"370"},{"x":"160","y":0,"z":"370"},{"x":"160","y":0,"z":"326"},{"x":74,"y":0,"z":326}]},{"src":21,"dst":27,"lines":[{"x":199,"y":0,"z":275},{"x":"199","y":0,"z":"370"},{"x":"160","y":0,"z":"370"},{"x":"160","y":0,"z":"402"},{"x":76,"y":0,"z":402}]}],"nodes":[{"x":548,"y":0,"z":269,"type":7,"name":"交换机","img":"/assets/image/serve/jiaohuan.png","id":1},{"x":548,"y":0,"z":100,"type":12,"name":"宽带卫星安全接入网关","img":"/assets/image/serve/wangguan.png","id":3},{"x":"548","y":0,"z":366,"type":9,"name":"异构网间安全互联网关","img":"/assets/image/serve/wangguan.png","id":10},{"x":"548","y":0,"z":444,"type":13,"name":"internet","img":"/assets/image/serve/internet.png","id":11},{"x":1024,"y":0,"z":191,"type":3,"name":"应用服务器2","img":"/assets/image/serve/server.png","id":15},{"x":1024,"y":0,"z":269,"type":16,"name":"终端1","img":"/assets/image/serve/zhongduan.png","id":16},{"x":1024,"y":0,"z":352,"type":17,"name":"终端2","img":"/assets/image/serve/zhongduan.png","id":17},{"x":773,"y":0,"z":267,"type":21,"name":"防火墙2","img":"/assets/image/serve/fire.png","id":20},{"x":199,"y":0,"z":275,"type":20,"name":"防火墙1","img":"/assets/image/serve/fire.png","id":21},{"x":74,"y":0,"z":138,"type":2,"name":"应用服务器1","img":"/assets/image/serve/server.png","id":22},{"x":75,"y":0,"z":257,"type":18,"name":"终端3","img":"/assets/image/serve/zhongduan.png","id":25},{"x":74,"y":0,"z":326,"type":6,"name":"汇聚系统","img":"/assets/image/serve/huiju.png","id":26},{"x":76,"y":0,"z":402,"type":4,"name":"管理系统","img":"/assets/image/serve/manage.png","id":27}]}