{"lines":[{"src":1,"dst":22,"lines":[{"x":548,"y":0,"z":269},{"x":"548","y":0,"z":"100"}]},{"src":1,"dst":22,"lines":[{"x":548,"y":0,"z":269},{"x":548,"y":0,"z":189}]},{"src":1,"dst":24,"lines":[{"x":548,"y":0,"z":269},{"x":"64","y":0,"z":"265"}]},{"src":1,"dst":26,"lines":[{"x":548,"y":0,"z":269},{"x":"548","y":0,"z":"380"},{"x":"420","y":0,"z":"380"},{"x":"420","y":0,"z":"424"}]},{"src":1,"dst":27,"lines":[{"x":548,"y":0,"z":269},{"x":549,"y":0,"z":424}]},{"src":1,"dst":28,"lines":[{"x":548,"y":0,"z":269},{"x":"548","y":0,"z":"380"},{"x":"652","y":0,"z":"380"},{"x":652,"y":0,"z":425}]}],"nodes":[{"x":548,"y":0,"z":269,"type":7,"name":"交换机","img":"/assets/image/serve/jiaohuan.png","id":1},{"x":548,"y":0,"z":100,"type":12,"name":"宽带卫星安全接入网关","img":"/assets/image/serve/wangguan.png","id":3},{"x":548,"y":0,"z":189,"type":20,"name":"防火墙1","img":"/assets/image/serve/fire.png","id":22},{"x":"64","y":0,"z":"265","type":4,"name":"管理系统","img":"/assets/image/serve/manage.png","id":24},{"x":"420","y":0,"z":"424","type":2,"name":"应用服务器1","img":"/assets/image/serve/server.png","id":26},{"x":549,"y":0,"z":424,"type":16,"name":"终端1","img":"/assets/image/serve/zhongduan.png","id":27},{"x":652,"y":0,"z":425,"type":15,"name":"无线访问点","img":"/assets/image/serve/wifi.png","id":28}]}