{
    "lines": [
        {
            "src": 1,
            "dst": 3,
            "lines": [
                {
                    "x": "548",
                    "y": 0,
                    "z": "274"
                },
                {
                    "x": "548",
                    "y": 0,
                    "z": "100"
                }
            ]
        },
        {
            "src": 1,
            "dst": 4,
            "lines": [
                {
                    "x": "540",
                    "y": 0,
                    "z": "265"
                },
                {
                    "x": "446",
                    "y": 0,
                    "z": "265"
                },
                {
                    "x": "446",
                    "y": 0,
                    "z": "168"
                }
            ]
        },
        {
            "src": 19,
            "dst": 7,
            "lines": [
                {
                    "x": 301,
                    "y": 0,
                    "z": "281"
                },
                {
                    "x": "160",
                    "y": 0,
                    "z": "281"
                },
                {
                    "x": "160",
                    "y": 0,
                    "z": "204"
                },
                {
                    "x": "63",
                    "y": 0,
                    "z": "204"
                }
            ]
        },
        {
            "src": 19,
            "dst": 8,
            "lines": [
                {
                    "x": 301,
                    "y": 0,
                    "z": 277
                },
                {
                    "x": "63",
                    "y": 0,
                    "z": "281"
                }
            ]
        },
        {
            "src": 19,
            "dst": 9,
            "lines": [
                {
                    "x": 301,
                    "y": 0,
                    "z": 277
                },
                {
                    "x": "160",
                    "y": 0,
                    "z": "281"
                },
                {
                    "x": "160",
                    "y": 0,
                    "z": "368"
                },
                {
                    "x": "62",
                    "y": 0,
                    "z": "368"
                }
            ]
        },
        {
            "src": 1,
            "dst": 10,
            "lines": [
                {
                    "x": "540",
                    "y": 0,
                    "z": "274"
                },
                {
                    "x": "540",
                    "y": 0,
                    "z": "320"
                },
                {
                    "x": "258",
                    "y": 0,
                    "z": "320"
                },
                {
                    "x": "258",
                    "y": 0,
                    "z": "366"
                }
            ]
        },
        {
            "src": 10,
            "dst": 11,
            "lines": [
                {
                    "x": "258",
                    "y": 0,
                    "z": "366"
                },
                {
                    "x": "258",
                    "y": 0,
                    "z": "444"
                }
            ]
        },
        {
            "src": 1,
            "dst": 12,
            "lines": [
                {
                    "x": "554",
                    "y": 0,
                    "z": "269"
                },
                {
                    "x": "554",
                    "y": 0,
                    "z": "320"
                },
                {
                    "x": "838",
                    "y": 0,
                    "z": "320"
                },
                {
                    "x": "838",
                    "y": 0,
                    "z": "366"
                }
            ]
        },
        {
            "src": 12,
            "dst": 13,
            "lines": [
                {
                    "x": "838",
                    "y": 0,
                    "z": "366"
                },
                {
                    "x": "838",
                    "y": 0,
                    "z": "443"
                }
            ]
        },
        {
            "src": 1,
            "dst": 19,
            "lines": [
                {
                    "x": 548,
                    "y": 0,
                    "z": 269
                },
                {
                    "x": 301,
                    "y": 0,
                    "z": 277
                }
            ]
        }
    ],
    "nodes": [
        {
            "x": 548,
            "y": 0,
            "z": 269,
            "type": 7,
            "name": "交换机",
            "img": "/assets/image/serve/jiaohuan.png",
            "id": 1
        },
        {
            "x": 548,
            "y": 0,
            "z": 100,
            "type": 12,
            "name": "宽带卫星安全接入网关",
            "img": "/assets/image/serve/wangguan.png",
            "id": 3
        },
        {
            "x": 446,
            "y": 0,
            "z": 168,
            "type": 6,
            "name": "汇聚系统",
            "img": "/assets/image/serve/huiju.png",
            "id": 4
        },
        {
            "x": 63,
            "y": 0,
            "z": 204,
            "type": 2,
            "name": "应用服务器1",
            "img": "/assets/image/serve/server.png",
            "id": 7
        },
        {
            "x": 63,
            "y": 0,
            "z": 281,
            "type": 18,
            "name": "终端3",
            "img": "/assets/image/serve/zhongduan.png",
            "id": 8
        },
        {
            "x": 62,
            "y": 0,
            "z": 368,
            "type": 19,
            "name": "终端4",
            "img": "/assets/image/serve/zhongduan.png",
            "id": 9
        },
        {
            "x": 258,
            "y": 0,
            "z": 366,
            "type": 9,
            "name": "异构网间安全互联网关",
            "img": "/assets/image/serve/wangguan.png",
            "id": 10
        },
        {
            "x": 258,
            "y": 0,
            "z": 444,
            "type": 13,
            "name": "internet",
            "img": "/assets/image/serve/internet.png",
            "id": 11
        },
        {
            "x": 838,
            "y": 0,
            "z": 366,
            "type": 10,
            "name": "地面网间安全互联网关",
            "img": "/assets/image/serve/wangguan.png",
            "id": 12
        },
        {
            "x": 838,
            "y": 0,
            "z": 443,
            "type": 14,
            "name": "移动互联网",
            "img": "/assets/image/serve/internet.png",
            "id": 13
        },
        {
            "x": 301,
            "y": 0,
            "z": 281,
            "type": 20,
            "name": "防火墙1",
            "img": "/assets/image/serve/fire.png",
            "id": 19
        }
    ]
}