{
    "lines": [
        {
            "src": 1,
            "dst": 3,
            "lines": [
                {
                    "x": "548",
                    "y": 0,
                    "z": "274"
                },
                {
                    "x": "548",
                    "y": 0,
                    "z": "100"
                }
            ]
        },
        {
            "src": 1,
            "dst": 8,
            "lines": [
                {
                    "x": "540",
                    "y": 0,
                    "z": "281"
                },
                {
                    "x": 63,
                    "y": 0,
                    "z": 281
                }
            ]
        },
        {
            "src": 1,
            "dst": 10,
            "lines": [
                {
                    "x": "540",
                    "y": 0,
                    "z": "274"
                },
                {
                    "x": "540",
                    "y": 0,
                    "z": "320"
                },
                {
                    "x": "258",
                    "y": 0,
                    "z": "320"
                },
                {
                    "x": "258",
                    "y": 0,
                    "z": "366"
                }
            ]
        },
        {
            "src": 10,
            "dst": 11,
            "lines": [
                {
                    "x": "258",
                    "y": 0,
                    "z": "366"
                },
                {
                    "x": "258",
                    "y": 0,
                    "z": "444"
                }
            ]
        },
        {
            "src": 1,
            "dst": 12,
            "lines": [
                {
                    "x": "554",
                    "y": 0,
                    "z": "269"
                },
                {
                    "x": "554",
                    "y": 0,
                    "z": "320"
                },
                {
                    "x": "838",
                    "y": 0,
                    "z": "320"
                },
                {
                    "x": "838",
                    "y": 0,
                    "z": "366"
                }
            ]
        },
        {
            "src": 12,
            "dst": 13,
            "lines": [
                {
                    "x": "838",
                    "y": 0,
                    "z": "366"
                },
                {
                    "x": "838",
                    "y": 0,
                    "z": "443"
                }
            ]
        },
        {
            "src": 1,
            "dst": 15,
            "lines": [
                {
                    "x": "548",
                    "y": 0,
                    "z": "269"
                },
                {
                    "x": "920",
                    "y": 0,
                    "z": "269"
                },
                {
                    "x": "920",
                    "y": 0,
                    "z": "191"
                },
                {
                    "x": "1024",
                    "y": "0",
                    "z": "191"
                }
            ]
        },
        {
            "src": 1,
            "dst": 16,
            "lines": [
                {
                    "x": "548",
                    "y": 0,
                    "z": "269"
                },
                {
                    "x": "1024",
                    "y": 0,
                    "z": "269"
                }
            ]
        },
        {
            "src": 1,
            "dst": 17,
            "lines": [
                {
                    "x": "548",
                    "y": 0,
                    "z": "269"
                },
                {
                    "x": "920",
                    "y": 0,
                    "z": "269"
                },
                {
                    "x": "920",
                    "y": 0,
                    "z": "352"
                },
                {
                    "x": "1024",
                    "y": 0,
                    "z": "352"
                }
            ]
        }
    ],
    "nodes": [
        {
            "x": 548,
            "y": 0,
            "z": 269,
            "type": 7,
            "name": "交换机",
            "img": "/assets/image/serve/jiaohuan.png",
            "id": 1
        },
        {
            "x": 548,
            "y": 0,
            "z": 100,
            "type": 11,
            "name": "天基骨干卫星安全接入网关",
            "img": "/assets/image/serve/wangguan.png",
            "id": 3
        },
        {
            "x": 63,
            "y": 0,
            "z": 281,
            "type": 6,
            "name": "汇聚系统",
            "img": "/assets/image/serve/huiju.png",
            "id": 8
        },
        {
            "x": 258,
            "y": 0,
            "z": 366,
            "type": 9,
            "name": "异构网间安全互联网关",
            "img": "/assets/image/serve/wangguan.png",
            "id": 10
        },
        {
            "x": 258,
            "y": 0,
            "z": 444,
            "type": 13,
            "name": "internet",
            "img": "/assets/image/serve/internet.png",
            "id": 11
        },
        {
            "x": 838,
            "y": 0,
            "z": 366,
            "type": 10,
            "name": "地面网间安全互联网关",
            "img": "/assets/image/serve/wangguan.png",
            "id": 12
        },
        {
            "x": 838,
            "y": 0,
            "z": 443,
            "type": 14,
            "name": "移动互联网",
            "img": "/assets/image/serve/internet.png",
            "id": 13
        },
        {
            "x": 1024,
            "y": 0,
            "z": 191,
            "type": 3,
            "name": "应用服务器2",
            "img": "/assets/image/serve/server.png",
            "id": 15
        },
        {
            "x": 1024,
            "y": 0,
            "z": 269,
            "type": 16,
            "name": "终端1",
            "img": "/assets/image/serve/zhongduan.png",
            "id": 16
        },
        {
            "x": 1024,
            "y": 0,
            "z": 352,
            "type": 17,
            "name": "终端2",
            "img": "/assets/image/serve/zhongduan.png",
            "id": 17
        }
    ]
}